technology_focus,problem_focus,investment_thesis,customer_focus,funding_fit,label,source,counterpart_type,raw_score,judge_reason,weight
0.9224,0.6054,0.553,0.5218,1.0,1,bootstrap_llm,investor,5.0,"Ngành, giai đoạn, công nghệ cốt lõi, vấn đề giải quyết và trọng tâm khách hàng của startup đều phù hợp hoàn hảo với các tiêu chí ưu tiên và luận điểm đầu tư của quỹ.",1.0
0.5575,0.427,0.4123,0.5067,1.0,0,bootstrap_llm,investor,2.0,"Startup thuộc ngành EdTech và giải quyết vấn đề giáo dục, không phù hợp với ngành ưu tiên (AgriTech, CleanTech) và luận điểm đầu tư (nông nghiệp bền vững) của quỹ, dù giai đoạn và công nghệ AI có điểm chung.",1.0
0.6466,0.3625,0.6179,0.3671,1.0,0,bootstrap_llm,investor,2.0,"Mặc dù cả hai đều ở giai đoạn Seed và sử dụng công nghệ AI, nhưng luận điểm đầu tư và trọng tâm vấn đề của quỹ (AI trong sản xuất và logistics) hoàn toàn không phù hợp với lĩnh vực EdTech của startup.",1.0
0.6102,0.4132,0.447,0.3895,1.0,0,bootstrap_llm,investor,2.0,"Mặc dù có sự phù hợp về giai đoạn đầu tư và việc sử dụng AI, ngành EdTech và trọng tâm vấn đề của EduBot không nằm trong lĩnh vực ưu tiên RetailTech/E-commerce và luận điểm đầu tư của quỹ.",1.0
0.5857,0.4445,0.4864,0.3671,1.0,1,bootstrap_llm,investor,5.0,"Sản phẩm EdTech SaaS của startup, sử dụng AI để tự động hóa quy trình cho giáo viên và trường học (B2B) ở giai đoạn Seed, phù hợp hoàn hảo với trọng tâm đầu tư của quỹ vào SaaS/Enterprise Software ứng dụng AI để tăng năng suất doanh nghiệp.",1.0
0.3994,0.43,0.3966,0.3671,1.0,0,bootstrap_llm,investor,1.0,"Quỹ tập trung vào ngành an ninh mạng và công nghệ bảo mật cho doanh nghiệp, hoàn toàn không phù hợp với ngành EdTech và công nghệ AI/ML phục vụ giáo dục của EduBot.",1.0
0.5509,0.4303,0.4456,0.5316,1.0,1,bootstrap_llm,investor,5.0,"EduBot Vietnam hoàn toàn phù hợp với ThinkZone Ventures về ngành (EdTech), giai đoạn (Seed), trọng tâm công nghệ (AI ứng dụng) và khách hàng mục tiêu (B2B, B2C).",1.0
0.5179,0.3766,0.4107,0.3671,1.0,0,bootstrap_llm,investor,1.0,"Startup thuộc ngành EdTech với công nghệ AI/ML và tập trung giải quyết vấn đề giáo dục, hoàn toàn trái ngược với trọng tâm của quỹ đầu tư vào FoodTech/AgriTech, công nghệ Supply Chain Analytics/IoT và vấn đề lãng phí thực phẩm, dù cùng giai đoạn đầu tư.",1.0
0.3928,0.453,0.4295,0.5316,1.0,1,bootstrap_llm,investor,4.0,"EduBot phù hợp với trọng tâm ngành AI, mô hình khách hàng B2B/B2C và luận điểm hỗ trợ startup Việt Nam mở rộng thị trường khu vực của quỹ, mặc dù giai đoạn Seed của startup khác với ưu tiên Series A của quỹ.",1.0
0.6904,0.6326,0.4953,0.5856,0.5,1,bootstrap_llm,corporation,5.0,"Startup's core EdTech và AI technology, personalized learning solution, và target customer base align exceptionally well with the fund's preferred industries, technological focus, and investment thesis for ecosystem integration.",1.0
0.5982,0.5836,0.5493,0.6511,0.5,0,bootstrap_llm,corporation,3.0,"Mặc dù có chung ngành EdTech, sử dụng AI và hướng đến học sinh phổ thông, giải pháp của EduBot không trực tiếp giải quyết trọng tâm về công nghệ mô phỏng/tương tác (VR/AR) mà Vingroup đang tìm kiếm.",1.0
0.5533,0.522,0.4579,0.3671,1.0,0,bootstrap_llm,investor,2.0,"Mặc dù startup ở giai đoạn Seed và sử dụng công nghệ DeepTech, trọng tâm ứng dụng trong giáo dục của nó không phù hợp với luận điểm đầu tư và trọng tâm giải quyết vấn đề của quỹ về sản xuất và tự động hóa công nghiệp.",1.0
0.4446,0.4299,0.4165,0.5077,0.5,0,bootstrap_llm,corporation,1.0,"Ngành, trọng tâm công nghệ và luận điểm đầu tư của startup hoàn toàn không phù hợp với các ưu tiên của quỹ đầu tư.",1.0
0.5158,0.5509,0.4438,0.5337,0.5,0,bootstrap_llm,corporation,1.0,"Startup EduBot Vietnam hoạt động trong lĩnh vực EdTech, trong khi Quỹ BIDV ưu tiên đầu tư vào FinTech và Blockchain với các giải pháp bổ trợ dịch vụ ngân hàng số.",1.0
0.5507,0.3513,0.5121,0.5067,0.5,1,bootstrap_llm,corporation,5.0,"EduBot Vietnam sử dụng công nghệ AI cốt lõi và hướng tới khách hàng B2B/B2G (trường học), phù hợp với trọng tâm công nghệ, luận điểm đầu tư tích hợp hệ sinh thái và trọng tâm khách hàng của Viettel.",1.0
0.6508,0.5461,0.5455,0.6169,0.5,1,bootstrap_llm,university,5.0,"Startup's EdTech AI technology và sản phẩm thực tế hoàn toàn phù hợp với ngành ưu tiên, trọng tâm công nghệ và luận điểm đầu tư của quỹ về hợp tác nghiên cứu và môi trường thử nghiệm.",1.0
0.4405,0.4401,0.5182,0.5868,0.5,0,bootstrap_llm,university,1.0,"Ngành, trọng tâm công nghệ, vấn đề giải quyết, luận điểm đầu tư và khách hàng mục tiêu của startup hoàn toàn không phù hợp với trọng tâm của quỹ.",1.0
0.4946,0.461,0.4871,0.6178,0.5,0,bootstrap_llm,university,1.0,Startup thuộc ngành EdTech không phù hợp với trọng tâm ngành FinTech/RetailTech và luận điểm đầu tư hợp tác nghiên cứu của quỹ.,1.0
0.4688,0.4374,0.4985,0.5858,0.5,0,bootstrap_llm,university,1.0,"Startup thuộc ngành EdTech và giải quyết vấn đề giáo dục, trong khi quỹ đầu tư ưu tiên ngành HealthTech/MedTech với trọng tâm ứng dụng AI trong chẩn đoán và quản lý bệnh án.",1.0
0.4571,0.6022,0.5323,0.7133,0.5,0,bootstrap_llm,university,3.0,"Mặc dù thuộc cùng ngành EdTech và có khách hàng mục tiêu tương đồng, trọng tâm công nghệ và luận điểm đầu tư của quỹ tìm kiếm sản phẩm mô phỏng/tương tác STEM, khác với giải pháp học tập thích ứng của startup.",1.0
0.6355,0.538,0.5322,0.3691,0.5,1,bootstrap_llm,research_institution,5.0,"Startup's EdTech industry, AI technology, seed stage, and solution addressing education problems with core AI align precisely with the fund's preferred sectors, technology focus, early-stage support, and thesis for commercializing research in education.",1.0
0.5675,0.6413,0.579,0.6713,0.5,1,bootstrap_llm,research_institution,5.0,"Startup EduBot Vietnam hoàn toàn phù hợp với ngành ưu tiên EdTech, trọng tâm công nghệ đánh giá học tập và phân tích dữ liệu giáo dục, cùng luận điểm đầu tư tìm kiếm nền tảng hỗ trợ nghiên cứu chính sách của quỹ.",1.0
0.8954,0.6716,0.513,0.3993,1.0,1,bootstrap_llm,investor,5.0,"Tất cả các tiêu chí quan trọng của quỹ như ngành, giai đoạn, công nghệ trọng tâm, vấn đề và khách hàng mục tiêu đều phù hợp cao với HealthLink.",1.0
0.4908,0.4099,0.4692,0.2985,0.5,1,bootstrap_llm,research_institution,5.0,"EduBot là startup DeepTech/AI giai đoạn đầu, phù hợp hoàn hảo với ngành ưu tiên, giai đoạn đầu và trọng tâm công nghệ AI của VAST, đồng thời thể hiện ứng dụng thương mại hóa công nghệ lõi.",1.0
0.6165,0.4565,0.4239,0.5208,1.0,0,bootstrap_llm,investor,1.0,"HealthLink thuộc ngành HealthTech và tập trung vào giải pháp y tế, hoàn toàn không phù hợp với trọng tâm ngành AgriTech, CleanTech và luận điểm đầu tư vào nông nghiệp bền vững của Green Earth Fund.",1.0
0.5858,0.5216,0.5665,0.2958,0.5,1,bootstrap_llm,research_institution,5.0,"EduBot là startup giai đoạn Seed sử dụng AI/ML/NLP cần tối ưu thuật toán, phù hợp hoàn hảo với trọng tâm hỗ trợ R&D thuật toán AI của VAST dành cho startup early-stage.",1.0
0.5768,0.4211,0.4534,0.3865,1.0,0,bootstrap_llm,investor,1.0,"Startup thuộc ngành HealthTech và giải quyết vấn đề y tế với công nghệ không phải trọng tâm của quỹ, trong khi quỹ chỉ tập trung vào RetailTech/E-commerce và các giải pháp tăng doanh thu bán lẻ.",1.0
0.5453,0.4488,0.5064,0.3993,1.0,0,bootstrap_llm,investor,1.0,"Ngành, trọng tâm vấn đề, và công nghệ cốt lõi của startup hoàn toàn không phù hợp với lĩnh vực đầu tư trọng tâm của quỹ.",1.0
0.7458,0.4764,0.4858,0.3993,1.0,0,bootstrap_llm,investor,3.0,"Startup và quỹ phù hợp về giai đoạn đầu tư Series A, mô hình khách hàng B2B và công nghệ Blockchain, nhưng không khớp về ngành trọng tâm (HealthTech so với FinTech) và vấn đề cốt lõi (hồ sơ bệnh án so với thanh toán).",1.0
0.6135,0.5124,0.4855,0.3993,1.0,1,bootstrap_llm,investor,5.0,"Giai đoạn, mô hình SaaS, trọng tâm khách hàng B2B, và khía cạnh bảo mật dữ liệu của giải pháp startup hoàn toàn phù hợp với tiêu chí và luận điểm đầu tư của quỹ.",1.0
0.6304,0.5607,0.5574,0.3512,1.0,0,bootstrap_llm,investor,2.0,"Chỉ giai đoạn đầu tư phù hợp, còn ngành, công nghệ, vấn đề giải quyết, luận điểm đầu tư và khách hàng mục tiêu của startup đều không nằm trong trọng tâm của quỹ.",1.0
0.6869,0.446,0.5893,0.3993,1.0,1,bootstrap_llm,investor,5.0,"The startup's Series A stage, B2B customer target (hospitals/clinics), SaaS-based solution addressing enterprise process inefficiency, and use of Cloud technology align very highly with the fund's preferred stage, B2B focus, investment thesis, and technological interests.",1.0
0.5042,0.4009,0.3779,0.3899,1.0,0,bootstrap_llm,investor,1.0,"Quỹ đầu tư tập trung vào ngành công nghệ tiêu dùng và khách hàng B2C, trong khi startup là HealthTech B2B.",1.0
0.5011,0.4774,0.3955,0.4079,0.5,0,bootstrap_llm,corporation,1.0,"Startup hoạt động trong lĩnh vực HealthTech với giải pháp EMR cho bệnh viện, hoàn toàn không phù hợp với trọng tâm đầu tư của Tập đoàn FPT vào EdTech và chuyển đổi số giáo dục.",1.0
0.4771,0.3926,0.5037,0.5348,1.0,0,bootstrap_llm,investor,3.0,"Startup phù hợp với quỹ về giai đoạn và phân khúc khách hàng B2B, nhưng ngành không thuộc ưu tiên và hồ sơ thiếu thông tin về trọng tâm thị trường khu vực của quỹ.",1.0
0.5309,0.4569,0.4203,0.3993,1.0,0,bootstrap_llm,investor,2.0,"Mặc dù cả hai đều ở giai đoạn Series A và tập trung B2B, công nghệ và lĩnh vực ứng dụng của HealthLink (HealthTech, Blockchain) không phù hợp với trọng tâm cụ thể của quỹ vào Robotics, Computer Vision và tự động hóa công nghiệp.",1.0
0.6389,0.3866,0.4946,0.5208,0.5,1,bootstrap_llm,corporation,5.0,"Startup HealthLink với giải pháp SaaS sử dụng công nghệ đám mây và blockchain cho an toàn dữ liệu y tế phù hợp rất cao với trọng tâm công nghệ, ngành ưu tiên SaaS, nhu cầu chuyển đổi số và bảo mật dữ liệu quy mô lớn cùng khách hàng B2B của Viettel.",1.0
0.5107,0.4362,0.4276,0.4634,0.5,0,bootstrap_llm,corporation,1.0,"Mặc dù HealthLink hoạt động trong ngành HealthTech, nhưng công nghệ, vấn đề giải quyết và khách hàng mục tiêu của startup hoàn toàn không trùng khớp với trọng tâm công nghệ và luận điểm đầu tư của quỹ.",1.0
0.4639,0.4152,0.5074,0.5894,0.5,0,bootstrap_llm,university,1.0,"Startup HealthLink hoạt động trong ngành HealthTech, hoàn toàn không trùng khớp với ngành ưu tiên EdTech và AI trong giáo dục của quỹ đầu tư, cũng như mục tiêu khách hàng và luận điểm đầu tư.",1.0
0.5929,0.5465,0.4847,0.5188,0.5,0,bootstrap_llm,corporation,3.0,"HealthLink phù hợp với VNPT về công nghệ SaaS và đối tượng khách hàng B2B/B2G, nhưng ngành HealthTech và giải pháp EMR chưa trực tiếp nằm trong trọng tâm IoT/Smart City và hạ tầng viễn thông của quỹ.",1.0
0.4855,0.4454,0.4355,0.4814,0.5,0,bootstrap_llm,university,1.0,"Startup hoạt động trong lĩnh vực HealthTech, trong khi quỹ đầu tư ưu tiên AgriTech/FoodTech, cho thấy sự không phù hợp cơ bản về ngành, công nghệ và luận điểm đầu tư.",1.0
0.479,0.4817,0.4617,0.5089,0.5,0,bootstrap_llm,university,1.0,"Ngành của startup (HealthTech) và vấn đề giải quyết không phù hợp với ngành ưu tiên (FinTech, RetailTech) cũng như luận điểm đầu tư của quỹ tập trung vào dữ liệu và case study kinh tế.",1.0
0.5686,0.5202,0.4514,0.5351,0.5,0,bootstrap_llm,corporation,3.0,"Startup thuộc ngành HealthTech, không phải FinTech, và giải pháp EMR không trực tiếp bổ trợ dịch vụ ngân hàng số của quỹ, tuy nhiên cả hai đều có trọng tâm vào công nghệ Blockchain và khách hàng B2B.",1.0
0.4721,0.4332,0.4062,0.5321,0.5,0,bootstrap_llm,university,1.0,The startup's HealthTech industry and hospital focus are fundamentally misaligned with the fund's exclusive EdTech mandate and educational customer base.,1.0
0.5159,0.4864,0.5645,0.7361,0.5,1,bootstrap_llm,university,5.0,"Startup phù hợp hoàn hảo với trọng tâm ngành, công nghệ hồ sơ bệnh án điện tử, và luận điểm đầu tư ưu tiên thử nghiệm lâm sàng sản phẩm quản lý bệnh án của quỹ.",1.0
0.4979,0.4553,0.4459,0.4557,0.5,0,bootstrap_llm,research_institution,1.0,"Startup hoạt động trong ngành HealthTech giải quyết vấn đề quản lý hồ sơ y tế, trong khi quỹ chỉ ưu tiên ngành EdTech giải quyết vấn đề đánh giá và phân tích học tập.",1.0
0.6143,0.398,0.468,0.3937,1.0,0,bootstrap_llm,investor,1.0,"Quỹ tập trung hoàn toàn vào ngành HealthTech/MedTech và các vấn đề y tế, trong khi startup thuộc AgriTech và giải quyết vấn đề nông nghiệp, tạo ra sự không phù hợp cơ bản.",1.0
0.5439,0.4331,0.5298,0.3792,0.5,0,bootstrap_llm,research_institution,1.0,"Startup thuộc ngành HealthTech với công nghệ Cloud, SaaS, Blockchain không phù hợp với ngành ưu tiên (EdTech, AI, DeepTech) và trọng tâm công nghệ (AI ứng dụng, mô phỏng) của quỹ, cũng như trọng tâm vấn đề về giáo dục.",1.0
0.7788,0.6639,0.5935,0.5158,1.0,1,bootstrap_llm,investor,5.0,"Startup FarmSense phù hợp hoàn hảo với các tiêu chí đầu tư của Green Earth Fund về ngành, giai đoạn, công nghệ, vấn đề giải quyết và luận điểm đầu tư.",1.0
0.5651,0.5068,0.4578,0.3205,0.5,0,bootstrap_llm,research_institution,2.0,"Startup HealthLink không đề cập đến công nghệ AI hay thị giác máy tính, vốn là trọng tâm hỗ trợ R&D về thuật toán lõi của quỹ VAST.",1.0
0.6469,0.4655,0.5144,0.3964,1.0,0,bootstrap_llm,investor,1.0,Ngành AgriTech và vấn đề giải quyết của FarmSense hoàn toàn không phù hợp với ngành ưu tiên RetailTech/E-commerce và trọng tâm đầu tư của Retail Future.,1.0
0.4609,0.3703,0.4673,0.356,0.5,0,bootstrap_llm,research_institution,2.0,"HealthLink là startup ứng dụng công nghệ hiện có (Cloud, SaaS, Blockchain) vào HealthTech, không rõ ràng phù hợp với trọng tâm của VAST về nghiên cứu khoa học lõi hoặc nhu cầu chuyển giao/hợp tác R&D chuyên sâu.",1.0
0.7064,0.4868,0.6695,0.3937,1.0,0,bootstrap_llm,investor,1.0,Ngành và vấn đề cốt lõi mà startup giải quyết hoàn toàn không phù hợp với ngành ưu tiên và luận điểm đầu tư trọng tâm của quỹ.,1.0
0.6303,0.4197,0.6785,0.3937,1.0,0,bootstrap_llm,investor,2.0,"Startup's AgriTech domain và trọng tâm giải quyết vấn đề nông nghiệp không phù hợp với trọng tâm ngành AI ứng dụng trong sản xuất và logistics của quỹ, mặc dù cả hai đều sử dụng AI và hướng đến khách hàng B2B.",1.0
0.5145,0.4438,0.4411,0.3937,1.0,0,bootstrap_llm,investor,1.0,"Ngành, công nghệ trọng tâm, vấn đề giải quyết và luận điểm đầu tư của quỹ hoàn toàn không tương thích với startup FarmSense.",1.0
0.6812,0.3935,0.5258,0.3937,1.0,0,bootstrap_llm,investor,2.0,"Startup thuộc ngành AgriTech và giải quyết vấn đề nông nghiệp cụ thể, ít phù hợp với trọng tâm ngành SaaS và phần mềm doanh nghiệp, cũng như luận điểm đầu tư về tự động hóa quy trình doanh nghiệp của quỹ.",1.0
0.6919,0.4392,0.5912,0.3937,1.0,1,bootstrap_llm,investor,4.0,"Startup có sự phù hợp cao với quỹ về ngành, giai đoạn, công nghệ IoT và mục tiêu giảm thất thoát thực phẩm, mặc dù có vài chi tiết công nghệ và khách hàng mục tiêu hơi khác biệt.",1.0
0.5187,0.4063,0.4152,0.3938,1.0,0,bootstrap_llm,investor,1.0,"FarmSense thuộc ngành AgriTech và phục vụ khách hàng B2B/B2B2C, không phù hợp với trọng tâm ngành (EdTech, ConsumerTech, FinTech) và khách hàng B2C của Do Ventures.",1.0
0.5988,0.4361,0.457,0.4286,0.5,0,bootstrap_llm,corporation,1.0,"Startup FarmSense thuộc ngành AgriTech và giải quyết vấn đề nông nghiệp, hoàn toàn không phù hợp với trọng tâm ngành EdTech và hệ sinh thái giáo dục của quỹ FPT.",1.0
0.5764,0.4821,0.4568,0.3937,1.0,0,bootstrap_llm,investor,2.0,"Mặc dù giai đoạn đầu tư phù hợp và công nghệ của startup có thể coi là DeepTech, ngành AgriTech và trọng tâm khách hàng nông nghiệp của FarmSense không trùng khớp với ưu tiên về Robotics, thị giác máy tính và ứng dụng trong sản xuất/công nghiệp của quỹ.",1.0
0.5966,0.4668,0.4735,0.4733,0.5,0,bootstrap_llm,corporation,1.0,Startup FarmSense với giải pháp AgriTech dùng AI để tối ưu nông nghiệp không phù hợp với trọng tâm đầu tư của Vingroup vào AI cho công nghệ mô phỏng/tương tác ứng dụng trong EdTech và đào tạo nội bộ.,1.0
0.6099,0.4767,0.4555,0.5292,0.5,0,bootstrap_llm,corporation,1.0,"Startup FarmSense hoạt động trong lĩnh vực AgriTech và cung cấp giải pháp nông nghiệp, không phù hợp với trọng tâm đầu tư của BIDV là FinTech và Blockchain, cũng như luận điểm tìm kiếm giải pháp bổ trợ cho dịch vụ ngân hàng số.",1.0
0.6632,0.4586,0.5345,0.5101,0.5,1,bootstrap_llm,corporation,4.0,"FarmSense's IoT-centric solution aligns highly with VNPT's technology focus and investment thesis for deploying solutions on its telecommunications infrastructure for B2B customers, though AgriTech isn't explicitly a priority industry.",1.0
0.6528,0.3848,0.5943,0.5158,0.5,1,bootstrap_llm,corporation,4.0,"Startup sử dụng công nghệ lõi AI và IoT phù hợp với trọng tâm công nghệ và luận điểm tìm kiếm startup để tích hợp hệ sinh thái của quỹ, dù ngành AgriTech không phải ưu tiên chính.",1.0
0.4886,0.496,0.449,0.5034,0.5,0,bootstrap_llm,university,1.0,"Startup hoạt động trong ngành AgriTech với giải pháp nông nghiệp, trong khi quỹ đầu tư chỉ tập trung vào EdTech và các công cụ hỗ trợ giảng dạy STEM.",1.0
0.4599,0.4616,0.4574,0.5275,1.0,0,bootstrap_llm,investor,2.0,"Mismatched investment stage (Pre-Series A vs Series A) and primary sector (AgriTech vs. Mobility, FinTech, AI) are significant, despite technology and customer target alignment.",1.0
0.597,0.4856,0.5041,0.4862,0.5,0,bootstrap_llm,university,1.0,"FarmSense hoạt động trong lĩnh vực AgriTech, trong khi Đại học Y Hà Nội ưu tiên đầu tư và hợp tác vào HealthTech/MedTech với trọng tâm chẩn đoán và quản lý bệnh án.",1.0
0.5404,0.4789,0.4588,0.4868,0.5,0,bootstrap_llm,university,1.0,Startup FarmSense thuộc ngành AgriTech trong khi quỹ đầu tư Đại học Kinh tế Quốc dân ưu tiên FinTech/RetailTech và tìm kiếm case study từ các lĩnh vực này.,1.0
0.6039,0.4998,0.508,0.469,0.5,0,bootstrap_llm,university,1.0,"Startup thuộc ngành AgriTech và giải quyết vấn đề nông nghiệp, trong khi quỹ ưu tiên ngành EdTech, AI ứng dụng trong giáo dục và muốn môi trường thử nghiệm cho sinh viên.",1.0
0.6142,0.6048,0.5334,0.7904,0.5,1,bootstrap_llm,university,5.0,"Ngành nghề, công nghệ, vấn đề giải quyết, khách hàng mục tiêu và luận điểm đầu tư của cả hai bên đều phù hợp rất cao, đặc biệt quỹ có mong muốn thử nghiệm thực địa giải pháp AgriTech như FarmSense.",1.0
0.5907,0.5008,0.5173,0.4651,0.5,0,bootstrap_llm,research_institution,1.0,Lĩnh vực AgriTech của startup hoàn toàn không phù hợp với ngành ưu tiên EdTech và trọng tâm công nghệ/vấn đề/khách hàng của quỹ đầu tư.,1.0
0.6,0.4628,0.4697,0.5858,1.0,0,bootstrap_llm,investor,1.0,"Ngành, công nghệ trọng tâm, và vấn đề giải quyết của PayFlow hoàn toàn không phù hợp với trọng tâm AgriTech, CleanTech, công nghệ khí hậu và nông nghiệp bền vững của Green Earth Fund, mặc dù giai đoạn đầu tư và loại khách hàng B2B có sự trùng khớp.",1.0
0.5812,0.4823,0.5994,0.3456,0.5,1,bootstrap_llm,research_institution,5.0,"Startup sử dụng AI, đang ở giai đoạn đầu, và cần tối ưu thuật toán AI, hoàn toàn phù hợp với trọng tâm công nghệ, giai đoạn, và luận điểm đầu tư hỗ trợ R&D thuật toán lõi của quỹ.",1.0
0.4788,0.3906,0.461,0.3744,0.5,1,bootstrap_llm,research_institution,5.0,"Startup ứng dụng AI và công nghệ lõi vào nông nghiệp, phù hợp với trọng tâm DeepTech, AI, giai đoạn đầu và luận điểm đầu tư về chuyển giao/hợp tác R&D chuyên sâu của quỹ.",1.0
0.9444,0.7038,0.6266,0.5248,1.0,1,bootstrap_llm,investor,5.0,"Mọi tiêu chí từ ngành, giai đoạn, công nghệ, vấn đề, giải pháp đến khách hàng mục tiêu của startup đều hoàn toàn trùng khớp với trọng tâm đầu tư của quỹ.",1.0
0.6178,0.4148,0.5168,0.4352,0.5,0,bootstrap_llm,research_institution,3.0,"Startup có công nghệ AI và giai đoạn đầu phù hợp với một số tiêu chí của quỹ, nhưng lĩnh vực vấn đề giải quyết (AgriTech) không trùng khớp với trọng tâm thương mại hóa trong giáo dục của quỹ.",1.0
0.5183,0.6088,0.6164,0.5248,1.0,0,bootstrap_llm,investor,1.0,"Quỹ tập trung vào ngành Mobility/Logistics với trọng tâm công nghệ IoT và tối ưu vận tải, trong khi startup hoạt động trong ngành FinTech với giải pháp API thanh toán.",1.0
0.5721,0.5334,0.5309,0.4243,1.0,0,bootstrap_llm,investor,1.0,"Mặc dù phù hợp về giai đoạn đầu tư, PayFlow không thuộc ngành, công nghệ, hoặc tập khách hàng trọng tâm của Smart City Partners.",1.0
0.5842,0.3693,0.4993,0.5858,1.0,0,bootstrap_llm,investor,1.0,"Startup PayFlow thuộc ngành FinTech giải quyết vấn đề tự động hóa thanh toán, hoàn toàn không phù hợp với trọng tâm đầu tư của quỹ vào năng lượng sạch và các công nghệ liên quan đến tối ưu năng lượng tái tạo.",1.0
0.5841,0.5241,0.5858,0.4766,1.0,0,bootstrap_llm,investor,2.0,"Chỉ giai đoạn đầu tư của startup phù hợp với quỹ, trong khi ngành, công nghệ, vấn đề giải quyết, giải pháp và khách hàng mục tiêu đều không khớp với trọng tâm của quỹ.",1.0
0.5618,0.5957,0.5448,0.5248,1.0,0,bootstrap_llm,investor,2.0,"Mặc dù startup và quỹ phù hợp về giai đoạn đầu tư và khách hàng B2B, ngành và trọng tâm giải pháp của PayFlow (FinTech, tự động hóa thanh toán) hoàn toàn không khớp với trọng tâm an ninh mạng của Cyber Shield VC.",1.0
0.5348,0.5578,0.4414,0.4628,0.5,0,bootstrap_llm,corporation,1.0,"Ngành, vấn đề giải quyết, giải pháp và khách hàng mục tiêu của PayFlow không phù hợp với trọng tâm ngành (EdTech, AI) và luận điểm đầu tư của Tập đoàn FPT vào hệ sinh thái giáo dục.",1.0
0.5388,0.4966,0.4995,0.4976,1.0,0,bootstrap_llm,investor,2.0,"Mặc dù ngành và giai đoạn phù hợp, trọng tâm khách hàng B2B của PayFlow mâu thuẫn trực tiếp với trọng tâm B2C và công nghệ tiêu dùng của Do Ventures.",1.0
0.6881,0.5604,0.6276,0.5248,1.0,1,bootstrap_llm,investor,5.0,"Startup và quỹ đầu tư phù hợp hoàn hảo về giai đoạn đầu tư, trọng tâm khách hàng (B2B), vấn đề giải quyết (quy trình thủ công), và mục tiêu tăng năng suất thông qua tự động hóa với công nghệ Cloud.",1.0
0.6112,0.5632,0.5022,0.4976,1.0,0,bootstrap_llm,investor,2.0,"Startup là FinTech B2B không thuộc ngành ưu tiên và khách hàng mục tiêu B2C của quỹ, dù giai đoạn đầu tư Series A phù hợp.",1.0
0.5196,0.4704,0.4661,0.5003,0.5,0,bootstrap_llm,corporation,1.0,"Ngành, công nghệ, vấn đề giải quyết, giải pháp và khách hàng mục tiêu của PayFlow đều không phù hợp với trọng tâm của Tập đoàn Vingroup.",1.0
0.6337,0.6675,0.5256,0.5974,0.5,1,bootstrap_llm,corporation,5.0,"Giải pháp API thanh toán và công nghệ Blockchain của startup trong lĩnh vực FinTech phù hợp hoàn hảo với trọng tâm ngành, công nghệ, vấn đề giải quyết và luận điểm đầu tư bổ trợ cho dịch vụ ngân hàng số của quỹ.",1.0
0.4652,0.4296,0.5046,0.4714,0.5,0,bootstrap_llm,university,1.0,"Ngành, công nghệ trọng tâm, và luận điểm đầu tư của quỹ hoàn toàn không tương thích với lĩnh vực FinTech và giải pháp của PayFlow.",1.0
0.5685,0.5606,0.4928,0.5758,0.5,0,bootstrap_llm,corporation,2.0,"Startup PayFlow không thuộc ngành Smart City/IoT ưu tiên và giải pháp không khớp với luận điểm đầu tư cốt lõi về triển khai trên hạ tầng viễn thông của VNPT, dù có chung khách hàng B2B.",1.0
0.6326,0.5087,0.5337,0.5858,0.5,1,bootstrap_llm,corporation,4.0,"Startup phù hợp cao với trọng tâm khách hàng B2B, công nghệ điện toán đám mây và nhu cầu chuyển đổi số cho doanh nghiệp lớn của quỹ đầu tư.",1.0
0.4459,0.4044,0.4369,0.4809,0.5,0,bootstrap_llm,university,1.0,"Ngành, trọng tâm công nghệ, vấn đề giải quyết, giải pháp và khách hàng mục tiêu của startup đều không khớp với lĩnh vực ưu tiên và luận điểm đầu tư của quỹ.",1.0
0.4314,0.4045,0.4555,0.4764,0.5,0,bootstrap_llm,university,1.0,"PayFlow thuộc ngành FinTech với giải pháp thanh toán cho doanh nghiệp, hoàn toàn không phù hợp với trọng tâm AgriTech và đối tượng khách hàng nông nghiệp của quỹ đầu tư.",1.0
0.5287,0.4348,0.5022,0.5288,0.5,0,bootstrap_llm,university,1.0,"Ngành nghề, công nghệ, vấn đề giải quyết và khách hàng mục tiêu của PayFlow hoàn toàn không phù hợp với trọng tâm đầu tư của Đại học Y Hà Nội.",1.0
0.5336,0.4389,0.5397,0.4392,0.5,0,bootstrap_llm,research_institution,1.0,"Ngành, công nghệ cốt lõi và vấn đề mà startup giải quyết không trùng khớp với các lĩnh vực ưu tiên, trọng tâm công nghệ và luận điểm đầu tư của quỹ.",1.0
0.4885,0.4357,0.4049,0.4585,0.5,0,bootstrap_llm,research_institution,1.0,"Startup PayFlow thuộc ngành FinTech và tập trung vào giải pháp thanh toán doanh nghiệp, hoàn toàn không phù hợp với trọng tâm ngành EdTech và mục tiêu nghiên cứu giáo dục của quỹ đầu tư.",1.0
0.4532,0.4213,0.5175,0.4285,0.5,0,bootstrap_llm,research_institution,1.0,"Startup PayFlow thuộc ngành FinTech sử dụng công nghệ Blockchain/API để giải quyết bài toán đối soát, không phù hợp với trọng tâm đầu tư của VAST vào DeepTech, nghiên cứu công nghệ lõi và chuyển giao công nghệ cơ bản.",1.0
0.4601,0.5564,0.5264,0.5576,0.5,1,bootstrap_llm,university,5.0,PayFlow là startup FinTech trực tiếp phù hợp với ngành ưu tiên và có khả năng cung cấp dữ liệu thực tế cùng case study doanh nghiệp mà quỹ đang tìm kiếm cho nghiên cứu và giảng dạy.,1.0
0.5351,0.5732,0.5913,0.4046,0.5,0,bootstrap_llm,research_institution,1.0,"Startup PayFlow với công nghệ Blockchain và API thanh toán trong FinTech không phù hợp với trọng tâm ngành AI/thị giác máy tính, công nghệ xử lý ảnh/an toàn thông tin và luận điểm hỗ trợ tối ưu thuật toán lõi của quỹ.",1.0
1.0,0.6326,0.5819,0.4615,1.0,1,bootstrap_llm,investor,5.0,"Startup và quỹ đầu tư hoàn toàn phù hợp về ngành, giai đoạn, công nghệ, vấn đề giải quyết, giải pháp và khách hàng mục tiêu.",1.0
0.6592,0.4464,0.4752,0.4185,1.0,0,bootstrap_llm,investor,2.0,"Mặc dù phù hợp về ngành (AI) và giai đoạn (Seed), startup không đáp ứng trọng tâm vấn đề, luận điểm đầu tư và khách hàng mục tiêu của quỹ vốn tập trung vào EdTech.",1.0
0.5332,0.4168,0.425,0.4615,1.0,0,bootstrap_llm,investor,1.0,"Quỹ tập trung vào HealthTech/MedTech và giai đoạn Series A, trong khi startup hoạt động trong ngành AI/sản xuất ở giai đoạn Seed, giải quyết vấn đề và khách hàng mục tiêu hoàn toàn khác biệt.",1.0
0.6156,0.4436,0.4485,0.4199,1.0,0,bootstrap_llm,investor,2.0,"Mặc dù có sự phù hợp về giai đoạn đầu tư, công nghệ AI và mô hình khách hàng B2B, startup lại nằm ngoài ngành ưu tiên (AgriTech, CleanTech) và trọng tâm vấn đề (nông nghiệp bền vững, công nghệ khí hậu) của quỹ.",1.0
0.6606,0.4451,0.4853,0.4214,1.0,0,bootstrap_llm,investor,2.0,"Startup phù hợp với giai đoạn và sử dụng công nghệ AI chung, nhưng ngành ưu tiên, trọng tâm vấn đề và khách hàng mục tiêu của quỹ không trùng khớp.",1.0
0.6057,0.5042,0.5034,0.4615,1.0,0,bootstrap_llm,investor,1.0,"Startup trong ngành AI kiểm soát chất lượng sản xuất ở giai đoạn Seed không phù hợp với trọng tâm Mobility/Logistics, công nghệ Route Optimization/IoT và giai đoạn Pre-Series A/Series A của quỹ.",1.0
0.572,0.4541,0.5493,0.4615,1.0,0,bootstrap_llm,investor,1.0,"Startup VisionInspect thuộc ngành AI chung cho sản xuất và công nghệ Computer Vision, hoàn toàn không phù hợp với ngành ưu tiên FoodTech/AgriTech, trọng tâm công nghệ Supply Chain Analytics/IoT và vấn đề lãng phí thực phẩm của quỹ FoodTech Capital.",1.0
0.4676,0.4429,0.4279,0.4409,1.0,0,bootstrap_llm,investor,1.0,"Mặc dù giai đoạn phù hợp, ngành, trọng tâm công nghệ và khách hàng mục tiêu của startup hoàn toàn trái ngược với trọng tâm công nghệ tiêu dùng B2C của quỹ.",1.0
0.6024,0.4813,0.5109,0.4615,1.0,1,bootstrap_llm,investor,5.0,"Startup VisionInspect phù hợp cao với quỹ Enterprise SaaS Ventures về giai đoạn, công nghệ AI, khách hàng B2B và giải pháp tự động hóa quy trình doanh nghiệp.",1.0
0.5202,0.4296,0.4735,0.4615,1.0,0,bootstrap_llm,investor,2.0,"Mặc dù giai đoạn đầu tư và đối tượng khách hàng B2B có sự phù hợp, ngành, công nghệ và trọng tâm vấn đề của startup hoàn toàn không trùng khớp với lĩnh vực ưu tiên của quỹ.",1.0
0.5634,0.4373,0.4869,0.426,1.0,1,bootstrap_llm,investor,5.0,"Startup hoàn toàn phù hợp với quỹ về ngành (AI), giai đoạn (Seed), công nghệ (AI ứng dụng) và trọng tâm khách hàng (B2B).",1.0
0.4266,0.4124,0.4003,0.426,1.0,0,bootstrap_llm,investor,2.0,"Startup ở giai đoạn Seed không phù hợp với ưu tiên Series A của quỹ, và không có thông tin xác nhận startup là 'Việt Nam' - trọng tâm cốt lõi trong luận điểm đầu tư của quỹ.",1.0
0.6755,0.5049,0.501,0.4615,1.0,1,bootstrap_llm,investor,5.0,"Startup phù hợp hoàn hảo với ngành ưu tiên, giai đoạn đầu tư, trọng tâm công nghệ, vấn đề giải quyết và luận điểm đầu tư của quỹ.",1.0
0.6077,0.4275,0.443,0.4024,0.5,0,bootstrap_llm,corporation,2.0,"Startup VisionInspect dùng AI để kiểm tra chất lượng sản phẩm cho nhà máy, không phù hợp với trọng tâm AI mô phỏng/tương tác cho giáo dục/đào tạo nội bộ và khách hàng của quỹ.",1.0
0.5678,0.4799,0.4028,0.4032,0.5,0,bootstrap_llm,corporation,1.0,"Dù cả hai đều có trọng tâm AI, nhưng giải pháp của startup, khách hàng mục tiêu và luận điểm đầu tư của quỹ chỉ tập trung vào lĩnh vực giáo dục, không phải sản xuất.",1.0
0.547,0.388,0.4749,0.4199,0.5,1,bootstrap_llm,corporation,5.0,"VisionInspect có công nghệ AI lõi, khách hàng B2B, và giải quyết vấn đề chuyển đổi số phù hợp với ngành ưu tiên, trọng tâm công nghệ và luận điểm đầu tư chiến lược của Viettel.",1.0
0.4984,0.5006,0.3837,0.4246,0.5,0,bootstrap_llm,corporation,2.0,"Ngành, công nghệ và trọng tâm đầu tư của quỹ BIDV tập trung vào FinTech và ngân hàng số, không phù hợp với giải pháp AI công nghiệp của VisionInspect.",1.0
0.4865,0.4146,0.4245,0.3551,0.5,0,bootstrap_llm,university,1.0,"Startup hoạt động trong ngành AI công nghiệp với khách hàng nhà máy sản xuất, hoàn toàn không phù hợp với ngành ưu tiên EdTech, trọng tâm công nghệ sư phạm và khách hàng giáo dục của quỹ.",1.0
0.4722,0.4189,0.4155,0.4092,0.5,0,bootstrap_llm,university,1.0,"Startup hoạt động trong ngành AI giải quyết vấn đề kiểm tra chất lượng sản phẩm cho nhà máy sản xuất, không phù hợp với trọng tâm AgriTech, FoodTech và đối tượng khách hàng nông nghiệp của quỹ.",1.0
0.6001,0.5047,0.4332,0.4425,0.5,0,bootstrap_llm,university,2.0,"Mặc dù cả hai đều thuộc ngành AI, trọng tâm công nghệ, vấn đề giải quyết, luận điểm đầu tư về sản phẩm EdTech và khách hàng mục tiêu của quỹ không phù hợp với giải pháp kiểm tra chất lượng sản phẩm công nghiệp của startup.",1.0
0.5368,0.428,0.384,0.3828,0.5,0,bootstrap_llm,university,1.0,"Ngành, trọng tâm công nghệ, luận điểm đầu tư và khách hàng mục tiêu của startup hoàn toàn không phù hợp với tiêu chí của quỹ.",1.0
0.5916,0.5263,0.4378,0.3679,0.5,0,bootstrap_llm,research_institution,1.0,"Startup VisionInspect tập trung vào AI công nghiệp cho sản xuất, hoàn toàn không phù hợp với trọng tâm ngành EdTech và nghiên cứu chính sách giáo dục của quỹ.",1.0
0.4984,0.3795,0.3864,0.4145,0.5,1,bootstrap_llm,corporation,4.0,Giải pháp Computer Vision cho nhà máy sản xuất của startup phù hợp với trọng tâm khách hàng B2B và có thể triển khai như một giải pháp IoT trên hạ tầng viễn thông của quỹ.,1.0
0.4913,0.4332,0.4546,0.3659,0.5,0,bootstrap_llm,university,1.0,"Startup VisionInspect tập trung vào AI cho sản xuất, trong khi quỹ Đại học Y Hà Nội ưu tiên HealthTech/MedTech và AI trong chẩn đoán y tế, hoàn toàn không trùng khớp về ngành và trọng tâm.",1.0
0.5146,0.4493,0.4441,0.3808,0.5,1,bootstrap_llm,research_institution,5.0,"VisionInspect là startup DeepTech về AI ứng dụng công nghệ lõi để giải quyết vấn đề công nghiệp, phù hợp chặt chẽ với các ngành ưu tiên, trọng tâm công nghệ và mục tiêu thương mại hóa nghiên cứu của VAST.",1.0
0.5906,0.4265,0.4526,0.3744,0.5,0,bootstrap_llm,research_institution,2.0,"Mặc dù có sự phù hợp về ngành AI và công nghệ lõi, trọng tâm vấn đề của quỹ tập trung vào lĩnh vực giáo dục, trong khi startup giải quyết bài toán trong ngành sản xuất.",1.0
0.6447,0.4772,0.4922,0.3642,0.5,1,bootstrap_llm,research_institution,5.0,"The startup's AI and Computer Vision technology at the seed stage perfectly aligns with the fund's prioritized industries, technical focus on image processing, and core investment thesis of supporting early-stage R&D for algorithm optimization.",1.0
0.5528,0.4442,0.4304,0.6114,1.0,0,bootstrap_llm,investor,2.0,"RetailBoost's RetailTech industry và vấn đề giải quyết hoàn toàn không phù hợp với trọng tâm ngành HealthTech và luận điểm đầu tư về chuyển đổi số bệnh viện của LifeScience Capital, dù có trùng khớp giai đoạn Series A và khách hàng B2B.",1.0
0.6028,0.4347,0.474,0.5605,1.0,0,bootstrap_llm,investor,2.0,"Mặc dù có điểm chung về giai đoạn đầu tư (Series A), công nghệ (AI) và khách hàng mục tiêu (B2B), startup không thuộc ngành ưu tiên (AgriTech, CleanTech) và không giải quyết vấn đề trọng tâm (nông nghiệp bền vững) của quỹ.",1.0
0.5673,0.5012,0.4692,0.6114,1.0,0,bootstrap_llm,investor,1.0,"Ngành, công nghệ, vấn đề giải quyết và luận điểm đầu tư của startup hoàn toàn không phù hợp với trọng tâm của quỹ, dù giai đoạn và trọng tâm khách hàng có sự tương đồng.",1.0
0.6106,0.4943,0.7044,0.6114,1.0,0,bootstrap_llm,investor,2.0,"Mặc dù cùng giai đoạn và khách hàng B2B, startup không thuộc ngành ưu tiên, không giải quyết vấn đề trọng tâm và công nghệ không phù hợp với trọng tâm của quỹ.",1.0
0.5684,0.4849,0.4765,0.4726,1.0,0,bootstrap_llm,investor,1.0,"Startup thuộc ngành RetailTech với giải pháp AI cho thương mại điện tử và khách hàng B2B không phù hợp với trọng tâm ngành Smart City, IoT, công nghệ IoT/Edge Computing và khách hàng B2G của quỹ, mặc dù cùng giai đoạn đầu tư.",1.0
0.9041,0.8733,0.5918,0.5492,1.0,1,bootstrap_llm,investor,5.0,"Startup và quỹ đầu tư có sự phù hợp gần như hoàn hảo về ngành, giai đoạn, trọng tâm công nghệ, vấn đề giải quyết, giải pháp và mô hình khách hàng.",1.0
0.4593,0.5105,0.495,0.6114,1.0,0,bootstrap_llm,investor,1.0,Trọng tâm của quỹ vào an ninh mạng và công nghệ bảo mật hoàn toàn không phù hợp với ngành RetailTech và công nghệ hệ thống đề xuất của startup.,1.0
0.5083,0.5105,0.4592,0.5878,1.0,0,bootstrap_llm,investor,2.0,"Khách hàng mục tiêu của startup là B2B, mâu thuẫn với trọng tâm khách hàng B2C và luận điểm đầu tư vào công nghệ tiêu dùng của quỹ.",1.0
0.6124,0.4784,0.584,0.6114,1.0,1,bootstrap_llm,investor,4.0,"RetailBoost phù hợp với giai đoạn Series A, công nghệ AI và khách hàng B2B của quỹ, đồng thời giải pháp tăng cường năng suất doanh nghiệp cũng nhất quán với luận điểm đầu tư của quỹ.",1.0
0.4147,0.5068,0.4464,0.5816,1.0,1,bootstrap_llm,investor,5.0,"Startup phù hợp hoàn hảo về giai đoạn, ngành AI trọng tâm, công nghệ nền tảng và trọng tâm khách hàng B2B, đồng thời có tiềm năng mở rộng thị trường theo luận điểm của quỹ.",1.0
0.5165,0.5124,0.5568,0.5605,0.5,1,bootstrap_llm,corporation,5.0,"Startup có công nghệ AI lõi, trọng tâm khách hàng B2B và tiềm năng tích hợp vào hệ sinh thái sản phẩm số của tập đoàn, phù hợp cao với luận điểm đầu tư và ưu tiên công nghệ của quỹ.",1.0
0.5623,0.5381,0.4092,0.4727,0.5,0,bootstrap_llm,corporation,2.0,"Mặc dù cả hai đều có trọng tâm công nghệ AI, RetailBoost hoạt động trong lĩnh vực RetailTech và giải quyết vấn đề thương mại điện tử, không phù hợp với trọng tâm EdTech, vấn đề giáo dục và mục tiêu tích hợp vào hệ sinh thái giáo dục của Tập đoàn FPT.",1.0
0.4751,0.5369,0.4606,0.5457,0.5,0,bootstrap_llm,corporation,1.0,"RetailBoost's giải pháp AI cho thương mại điện tử không phù hợp với trọng tâm đầu tư của VNPT vào IoT, Smart City và hạ tầng viễn thông.",1.0
0.5772,0.45,0.4826,0.439,0.5,0,bootstrap_llm,corporation,3.0,"Startup sử dụng công nghệ AI (Machine Learning, Recommendation System) phù hợp với trọng tâm công nghệ AI và ngành ưu tiên của quỹ, mặc dù ứng dụng cụ thể và khách hàng mục tiêu không khớp với luận điểm đầu tư về mô phỏng cho giáo dục.",1.0
0.4295,0.4601,0.4317,0.3947,0.5,0,bootstrap_llm,university,1.0,"Ngành, trọng tâm công nghệ, vấn đề giải quyết, và khách hàng mục tiêu của RetailBoost hoàn toàn không phù hợp với ưu tiên đầu tư của Học viện Nông nghiệp Việt Nam.",1.0
0.5431,0.452,0.4804,0.3683,0.5,0,bootstrap_llm,university,1.0,"Ngành, vấn đề giải quyết, giải pháp và khách hàng mục tiêu của RetailBoost hoàn toàn không khớp với trọng tâm đầu tư của quỹ Đại học Sư phạm Hà Nội - Viện Nghiên cứu Sư phạm.",1.0
0.5663,0.5785,0.4642,0.5801,0.5,0,bootstrap_llm,corporation,2.0,"Startup RetailBoost không thuộc ngành FinTech ưu tiên của quỹ và giải pháp không trực tiếp bổ trợ cho dịch vụ ngân hàng số, dù có chung công nghệ AI và khách hàng B2B.",1.0
0.578,0.473,0.5192,0.3955,0.5,0,bootstrap_llm,university,1.0,"Ngành nghề, khách hàng mục tiêu và luận điểm đầu tư của startup và quỹ hoàn toàn không tương thích.",1.0
0.5516,0.5212,0.5017,0.4504,0.5,1,bootstrap_llm,university,5.0,"Startup thuộc ngành RetailTech và sử dụng công nghệ mô hình hóa hành vi tiêu dùng, hoàn toàn phù hợp với ngành ưu tiên, trọng tâm công nghệ và luận điểm đầu tư về cung cấp dữ liệu/case study cho nghiên cứu của quỹ.",1.0
0.501,0.4985,0.4867,0.3626,0.5,0,bootstrap_llm,university,1.0,"Startup hoạt động trong ngành RetailTech và giải quyết vấn đề thương mại điện tử, hoàn toàn không phù hợp với trọng tâm ngành HealthTech/MedTech và luận điểm đầu tư về y tế của quỹ.",1.0
0.5975,0.4797,0.4728,0.3951,0.5,0,bootstrap_llm,research_institution,1.0,"Startup RetailBoost hoạt động trong ngành RetailTech với giải pháp đề xuất sản phẩm, hoàn toàn không phù hợp với ngành ưu tiên (EdTech) và trọng tâm công nghệ (đánh giá học tập, phân tích dữ liệu giáo dục) của Viện Khoa học Giáo dục Việt Nam.",1.0
0.437,0.4622,0.4267,0.5168,1.0,0,bootstrap_llm,investor,1.0,"Startup không phù hợp với ngành ưu tiên, trọng tâm công nghệ, vấn đề giải quyết, và khách hàng mục tiêu của quỹ đầu tư, dù giai đoạn đầu tư có trùng khớp.",1.0
0.6037,0.5186,0.5776,0.3866,0.5,0,bootstrap_llm,research_institution,3.0,"Startup hoạt động trong lĩnh vực AI và giai đoạn Series A phù hợp với một số tiêu chí của quỹ, nhưng công nghệ cốt lõi (recommendation system) và nhu cầu hỗ trợ R&D không khớp hoàn toàn với trọng tâm cụ thể của quỹ (xử lý ảnh/thị giác máy tính và hỗ trợ tối ưu thuật toán lõi).",1.0
0.4788,0.4614,0.4756,0.4366,0.5,0,bootstrap_llm,research_institution,2.0,"Mặc dù RetailBoost sử dụng AI, một lĩnh vực ưu tiên của VAST, nhưng giai đoạn Series A và trọng tâm công nghệ ứng dụng của startup không phù hợp với luận điểm đầu tư vào công nghệ lõi và chuyển giao R&D sâu rộng của quỹ.",1.0
0.5179,0.4748,0.4277,0.5128,1.0,0,bootstrap_llm,investor,1.0,"Ngành công nghiệp An ninh mạng của startup và trọng tâm vấn đề của nó hoàn toàn không phù hợp với ngành ưu tiên (AgriTech, CleanTech) và luận điểm đầu tư (nông nghiệp bền vững, công nghệ khí hậu) của quỹ.",1.0
0.5683,0.4798,0.5117,0.3845,0.5,0,bootstrap_llm,research_institution,2.0,"Mặc dù công nghệ AI của RetailBoost phù hợp với trọng tâm công nghệ của quỹ, nhưng ngành RetailTech và giải pháp của startup không giải quyết trọng tâm vấn đề giáo dục cụ thể của quỹ.",1.0
0.4622,0.5835,0.419,0.5113,1.0,0,bootstrap_llm,investor,1.0,"Startup SecureCloud thuộc ngành Cybersecurity và nhắm đến SME, hoàn toàn không phù hợp với trọng tâm ngành (RetailTech, E-commerce), công nghệ (Recommendation Systems, AI) và khách hàng (B2B2C) của quỹ Retail Future, dù cả hai đều ưu tiên giai đoạn Seed.",1.0
0.5172,0.3595,0.4372,0.5877,1.0,0,bootstrap_llm,investor,2.0,"Startup thuộc ngành Cybersecurity và công nghệ Cloud Security không phù hợp với trọng tâm ngành AI, Computer Vision và luận điểm đầu tư của quỹ, dù giai đoạn và khách hàng B2B có sự trùng khớp.",1.0
0.4841,0.4064,0.4371,0.5877,1.0,0,bootstrap_llm,investor,1.0,"Quỹ đầu tư tập trung vào ngành FoodTech/AgriTech và vấn đề lãng phí thực phẩm, trong khi startup thuộc lĩnh vực Cybersecurity và giải quyết bảo mật cho SME.",1.0
0.592,0.5233,0.4564,0.5877,1.0,0,bootstrap_llm,investor,3.0,"Mặc dù phù hợp về giai đoạn đầu tư, khách hàng B2B và sử dụng công nghệ Cloud, startup không giải quyết trọng tâm vấn đề của quỹ về quy trình doanh nghiệp thủ công hay mục tiêu tăng năng suất.",1.0
0.9852,0.9061,0.5091,0.5877,1.0,1,bootstrap_llm,investor,5.0,"SecureCloud phù hợp tuyệt đối với Cyber Shield VC về ngành, giai đoạn, công nghệ và vấn đề giải quyết, cùng với sự trùng lặp rõ ràng ở phân khúc khách hàng doanh nghiệp vừa.",1.0
0.4173,0.5629,0.4369,0.5314,1.0,0,bootstrap_llm,investor,2.0,"Startup thuộc ngành Cybersecurity và giai đoạn Seed, không trùng khớp với ngành và giai đoạn ưu tiên (Mobility, FinTech, AI và Series A) của quỹ Nextrans, dù khách hàng mục tiêu B2B có phù hợp.",1.0
0.4123,0.6321,0.4075,0.4331,0.5,0,bootstrap_llm,corporation,1.0,"Ngành, trọng tâm công nghệ, vấn đề giải quyết, và luận điểm đầu tư của startup hoàn toàn không khớp với các lĩnh vực ưu tiên và chiến lược của quỹ.",1.0
0.5104,0.5822,0.375,0.5314,1.0,0,bootstrap_llm,investor,3.0,"Mặc dù startup phù hợp về giai đoạn và khách hàng B2B, ngành Cybersecurity của startup không nằm trong danh sách ngành ưu tiên rõ ràng của quỹ.",1.0
0.4642,0.6156,0.4601,0.5877,1.0,0,bootstrap_llm,investor,2.0,"Mặc dù giai đoạn và trọng tâm khách hàng (B2B) phù hợp, startup không thuộc các ngành, công nghệ trọng tâm hay lĩnh vực ứng dụng (sản xuất/công nghiệp) mà quỹ ưu tiên.",1.0
0.5115,0.6979,0.4439,0.4995,0.5,0,bootstrap_llm,corporation,2.0,"Startup's cybersecurity và giải pháp Zero Trust không phù hợp với trọng tâm đầu tư IoT/Smart City và công nghệ hạ tầng viễn thông của quỹ, dù cả hai đều nhắm đến đối tượng khách hàng doanh nghiệp B2B.",1.0
0.4022,0.5018,0.3832,0.3962,0.5,0,bootstrap_llm,university,1.0,"Startup SecureCloud thuộc ngành Cybersecurity với khách hàng SME, hoàn toàn không phù hợp với trọng tâm EdTech và đối tượng giáo viên, sinh viên sư phạm của quỹ đầu tư.",1.0
0.3857,0.5506,0.3966,0.4192,0.5,0,bootstrap_llm,university,1.0,"Startup thuộc ngành Cybersecurity và nhắm đến doanh nghiệp SME, hoàn toàn không trùng khớp với trọng tâm AgriTech, FoodTech và khách hàng nông nghiệp của quỹ.",1.0
0.4144,0.6097,0.4109,0.4477,0.5,0,bootstrap_llm,university,1.0,"Ngành nghề (Cybersecurity), công nghệ (Cloud Security, Zero Trust) và khách hàng mục tiêu (SME) của startup hoàn toàn không phù hợp với ngành ưu tiên (FinTech, RetailTech) và trọng tâm nghiên cứu kinh tế số của quỹ.",1.0
0.4245,0.5893,0.367,0.4544,0.5,0,bootstrap_llm,corporation,1.0,"Ngành, công nghệ, vấn đề giải quyết và khách hàng mục tiêu của SecureCloud hoàn toàn không khớp với các trọng tâm ngành, công nghệ, luận điểm đầu tư và khách hàng của Tập đoàn Vingroup.",1.0
0.3806,0.4755,0.3984,0.3964,0.5,0,bootstrap_llm,university,1.0,"Ngành, công nghệ, vấn đề giải quyết, và khách hàng mục tiêu của startup hoàn toàn không trùng khớp với trọng tâm của quỹ.",1.0
0.4575,0.6239,0.4284,0.528,0.5,0,bootstrap_llm,corporation,1.0,"SecureCloud thuộc ngành Cybersecurity trong khi BIDV ưu tiên ngành FinTech và Blockchain, và giải pháp của startup không bổ trợ trực tiếp cho các dịch vụ ngân hàng số theo luận điểm đầu tư của quỹ.",1.0
0.5135,0.6739,0.4891,0.5128,0.5,0,bootstrap_llm,corporation,3.0,"Startup có ngành và công nghệ cốt lõi phù hợp với quỹ, nhưng tập trung giải quyết vấn đề cho phân khúc khách hàng SME, khác với trọng tâm quy mô quốc gia/doanh nghiệp lớn của quỹ.",1.0
0.4098,0.5418,0.4261,0.4117,0.5,0,bootstrap_llm,university,1.0,"Ngành, công nghệ, vấn đề giải quyết, và khách hàng mục tiêu của startup hoàn toàn không trùng khớp với trọng tâm của quỹ đầu tư, đặc biệt là trong lĩnh vực y tế.",1.0
0.4361,0.5002,0.4193,0.4175,0.5,0,bootstrap_llm,research_institution,1.0,"Startup hoạt động trong lĩnh vực an ninh mạng và giải pháp doanh nghiệp, hoàn toàn không trùng khớp với ngành ưu tiên EdTech và trọng tâm nghiên cứu chính sách giáo dục của quỹ.",1.0
0.4448,0.4773,0.4412,0.3894,0.5,0,bootstrap_llm,research_institution,1.0,"Ngành, công nghệ, và vấn đề mà startup giải quyết hoàn toàn không phù hợp với ngành ưu tiên và trọng tâm công nghệ của quỹ.",1.0
0.3704,0.4553,0.4355,0.4061,0.5,0,bootstrap_llm,research_institution,1.0,"SecureCloud không thuộc các ngành ưu tiên của VAST, công nghệ và vấn đề giải quyết không phù hợp với trọng tâm nghiên cứu khoa học công nghệ lõi và chuyển giao công nghệ của quỹ.",1.0
0.611,0.433,0.541,0.4562,1.0,0,bootstrap_llm,investor,1.0,Startup thuộc ngành Smart City và công nghệ IoT/AI không phù hợp với trọng tâm ngành FinTech/Blockchain và công nghệ Payments/Blockchain của quỹ.,1.0
0.5437,0.6554,0.4352,0.3804,0.5,1,bootstrap_llm,research_institution,4.0,"Ngành và giai đoạn của SecureCloud phù hợp cao với trọng tâm của VAST trong lĩnh vực an toàn thông tin, dù luận điểm đầu tư của quỹ tập trung vào tối ưu thuật toán AI/thị giác máy tính chưa được thể hiện rõ trong hồ sơ startup.",1.0
0.6741,0.3548,0.5167,0.4228,1.0,0,bootstrap_llm,investor,3.0,"Mặc dù phù hợp về giai đoạn và khách hàng B2G, trọng tâm giám sát năng lượng tổng quát của startup không khớp hoàn toàn với luận điểm đầu tư tác động vào năng lượng tái tạo và sạch của quỹ.",1.0
0.9653,0.7837,0.6522,0.3754,1.0,1,bootstrap_llm,investor,5.0,"Ngành, giai đoạn, công nghệ, vấn đề giải quyết và khách hàng mục tiêu của startup đều hoàn toàn phù hợp với trọng tâm đầu tư của quỹ.",1.0
0.6812,0.4007,0.5081,0.4562,1.0,0,bootstrap_llm,investor,2.0,"Startup không thuộc ngành ưu tiên (SaaS/Enterprise Software) và trọng tâm khách hàng (B2B) của quỹ, mặc dù phù hợp về giai đoạn và có sử dụng công nghệ AI.",1.0
0.7064,0.4894,0.6858,0.4562,1.0,1,bootstrap_llm,investor,4.0,"Startup phù hợp cao về giai đoạn, công nghệ IoT/AI và khả năng hỗ trợ tối ưu vận tải; tuy nhiên, khách hàng mục tiêu B2G khác với trọng tâm B2B của quỹ.",1.0
0.5606,0.4915,0.3883,0.4373,1.0,0,bootstrap_llm,investor,1.0,"Startup thuộc ngành Smart City và tập trung vào khách hàng B2G, hoàn toàn không phù hợp với ngành ưu tiên Retail/E-commerce/FoodTech và trọng tâm khách hàng B2C của quỹ.",1.0
0.6528,0.406,0.5682,0.4228,0.5,1,bootstrap_llm,corporation,5.0,"SmartCity AI phù hợp cao với Viettel về ngành Smart City, công nghệ lõi AI và IoT, khách hàng B2G, và tiềm năng tích hợp vào hệ sinh thái sản phẩm số của tập đoàn.",1.0
0.5988,0.4458,0.4378,0.3563,0.5,0,bootstrap_llm,corporation,1.0,"Startup không phù hợp với ngành ưu tiên (EdTech), trọng tâm vấn đề (chuyển đổi số giáo dục), khách hàng mục tiêu và luận điểm đầu tư của quỹ, dù cả hai đều sử dụng công nghệ AI.",1.0
0.6632,0.5493,0.5177,0.4149,0.5,1,bootstrap_llm,corporation,5.0,"Startup có ngành, công nghệ IoT, giải pháp Smart City và khách hàng B2G hoàn toàn phù hợp với trọng tâm đầu tư và luận điểm triển khai trên hạ tầng của VNPT.",1.0
0.5966,0.5448,0.4794,0.4446,0.5,0,bootstrap_llm,corporation,2.0,"Mặc dù cả hai đều liên quan đến công nghệ AI, trọng tâm vấn đề, giải pháp và khách hàng mục tiêu của startup hoàn toàn không khớp với luận điểm đầu tư và trọng tâm của quỹ.",1.0
0.4886,0.4662,0.4225,0.4246,0.5,0,bootstrap_llm,university,1.0,"Ngành nghề, khách hàng mục tiêu, vấn đề giải quyết, và giải pháp của startup hoàn toàn không phù hợp với trọng tâm đầu tư của quỹ EdTech này.",1.0
0.6142,0.4776,0.4651,0.4421,0.5,0,bootstrap_llm,university,1.0,"Ngành, vấn đề giải quyết, giải pháp và khách hàng mục tiêu của startup hoàn toàn không phù hợp với trọng tâm đầu tư AgriTech/FoodTech của quỹ.",1.0
0.6039,0.432,0.4706,0.4046,0.5,0,bootstrap_llm,university,2.0,"Mặc dù cả hai đều tập trung vào công nghệ AI, startup không thuộc ngành EdTech và không phù hợp với trọng tâm khách hàng cũng như luận điểm đầu tư cụ thể về AI ứng dụng trong giáo dục của quỹ.",1.0
0.5404,0.4767,0.4571,0.3936,0.5,0,bootstrap_llm,university,1.0,"Ngành nghề, trọng tâm công nghệ và luận điểm đầu tư của quỹ hoàn toàn không phù hợp với lĩnh vực và khách hàng mục tiêu của startup.",1.0
0.6099,0.5049,0.4036,0.4277,0.5,0,bootstrap_llm,corporation,1.0,"Startup SmartCity AI thuộc ngành Smart City và nhắm mục tiêu chính phủ, không phù hợp với trọng tâm FinTech, ngân hàng số và khách hàng B2C/B2B của quỹ BIDV.",1.0
0.597,0.5111,0.4764,0.413,0.5,0,bootstrap_llm,university,1.0,"Startup thuộc ngành Smart City và giải quyết vấn đề hạ tầng đô thị, hoàn toàn không phù hợp với ngành ưu tiên HealthTech/MedTech, trọng tâm công nghệ y tế và luận điểm đầu tư về y học của quỹ.",1.0
0.5907,0.4936,0.5006,0.4445,0.5,0,bootstrap_llm,research_institution,1.0,"Ngành, công nghệ, vấn đề giải quyết, giải pháp và khách hàng mục tiêu của startup hoàn toàn không trùng khớp với trọng tâm của quỹ.",1.0
0.5696,0.405,0.5603,0.5011,1.0,0,bootstrap_llm,investor,1.0,"Quỹ tập trung vào ngành FinTech/Blockchain và công nghệ thanh toán, trong khi startup thuộc CleanTech với trọng tâm công nghệ AI cho năng lượng tái tạo.",1.0
0.6091,0.478,0.5982,0.4299,1.0,0,bootstrap_llm,investor,1.0,"Hoàn toàn không phù hợp do có sự khác biệt rõ rệt về giai đoạn đầu tư ưu tiên, công nghệ trọng tâm, khách hàng mục tiêu và vấn đề cốt lõi mà mỗi bên hướng đến.",1.0
0.6178,0.4756,0.4911,0.4848,0.5,1,bootstrap_llm,research_institution,4.0,"Startup có công nghệ AI lõi và khách hàng chính quyền địa phương rất phù hợp với luận điểm đầu tư và trọng tâm khách hàng của quỹ, dù vấn đề giải quyết không thuộc trọng tâm về giáo dục được quỹ nêu.",1.0
0.4788,0.4152,0.4114,0.3467,0.5,1,bootstrap_llm,research_institution,4.0,"Startup's DeepTech and AI solutions align strongly with the fund's priority industries, core technology focus, and thesis on commercializing research, despite the Series A stage.",1.0
0.5812,0.5227,0.5354,0.3273,0.5,0,bootstrap_llm,research_institution,3.0,"Startup sử dụng AI và có thể cần tối ưu thuật toán, phù hợp với trọng tâm công nghệ và luận điểm đầu tư của quỹ, nhưng giai đoạn Series A có thể vượt quá ưu tiên 'early-stage' và 'trước khi thương mại hóa' của quỹ.",1.0
0.9843,0.5948,0.552,0.4678,1.0,1,bootstrap_llm,investor,5.0,"Mọi tiêu chí từ ngành, giai đoạn, công nghệ, vấn đề, giải pháp đến khách hàng mục tiêu đều phù hợp hoàn hảo hoặc rất cao giữa startup và quỹ.",1.0
0.5267,0.4837,0.4544,0.4769,1.0,0,bootstrap_llm,investor,1.0,"Startup hoạt động trong ngành CleanTech và phục vụ khách hàng B2B, hoàn toàn không phù hợp với trọng tâm đầu tư vào ngành bán lẻ/tiêu dùng và khách hàng B2C của quỹ.",1.0
0.6289,0.4274,0.4386,0.4666,0.5,0,bootstrap_llm,corporation,1.0,"Mặc dù cả hai đều liên quan đến công nghệ AI, ngành chính, vấn đề giải quyết, giải pháp và luận điểm đầu tư của startup hoàn toàn không phù hợp với trọng tâm EdTech và hệ sinh thái giáo dục của quỹ.",1.0
0.658,0.3573,0.5707,0.4678,0.5,1,bootstrap_llm,corporation,4.0,"Startup sử dụng công nghệ AI và nhắm đến khách hàng B2B, phù hợp với trọng tâm công nghệ AI và luận điểm đầu tư tích hợp giải pháp B2B của quỹ.",1.0
0.624,0.4237,0.4618,0.459,0.5,0,bootstrap_llm,corporation,2.0,"GreenEnergy sử dụng AI là công nghệ trọng tâm của Vingroup, nhưng ngành CleanTech, giải pháp dự báo năng lượng, và khách hàng mục tiêu của startup hoàn toàn không phù hợp với trọng tâm giáo dục và mô phỏng của quỹ.",1.0
0.591,0.4292,0.4542,0.4675,0.5,0,bootstrap_llm,corporation,1.0,"Startup hoạt động trong ngành CleanTech với giải pháp dự báo năng lượng tái tạo, không phù hợp với trọng tâm ngành FinTech và luận điểm đầu tư bổ trợ dịch vụ ngân hàng số của quỹ.",1.0
0.5406,0.4323,0.4843,0.4625,0.5,0,bootstrap_llm,corporation,3.0,"Mặc dù có sự trùng khớp về khách hàng B2B, ngành CleanTech và giải pháp AI dự báo năng lượng của startup không trực tiếp phù hợp với trọng tâm IoT/Smart City và hạ tầng viễn thông của quỹ.",1.0
0.4967,0.4437,0.4423,0.3567,0.5,0,bootstrap_llm,university,1.0,"Startup hoạt động trong ngành CleanTech và giải quyết vấn đề dự báo năng lượng, hoàn toàn không phù hợp với ngành ưu tiên EdTech và trọng tâm giải quyết vấn đề giáo dục STEM của quỹ đầu tư.",1.0
0.5376,0.441,0.4599,0.4455,0.5,0,bootstrap_llm,university,1.0,"Quỹ chỉ ưu tiên ngành FinTech/RetailTech và tìm kiếm startup trong các ngành này để hợp tác nghiên cứu, trong khi GreenEnergy thuộc ngành CleanTech.",1.0
0.5023,0.4769,0.4663,0.4165,0.5,0,bootstrap_llm,university,1.0,"Ngành, vấn đề giải quyết, khách hàng mục tiêu và luận điểm đầu tư của startup hoàn toàn không trùng khớp với trọng tâm của quỹ.",1.0
0.5754,0.4096,0.4802,0.3636,0.5,0,bootstrap_llm,university,1.0,"Ngành ưu tiên, trọng tâm công nghệ và luận điểm đầu tư của quỹ hoàn toàn khác biệt với lĩnh vực CleanTech và giải pháp AI dự báo năng lượng của startup.",1.0
0.6205,0.441,0.5111,0.4179,0.5,0,bootstrap_llm,university,1.0,"Mặc dù cả hai đều liên quan đến AI, trọng tâm ngành (EdTech vs CleanTech), mục tiêu vấn đề, luận điểm đầu tư (hướng tới startup EdTech) và khách hàng mục tiêu của quỹ hoàn toàn không phù hợp với hồ sơ startup.",1.0
0.5784,0.4721,0.543,0.395,0.5,0,bootstrap_llm,research_institution,1.0,"Ngành, vấn đề, giải pháp, khách hàng mục tiêu và luận điểm đầu tư của startup hoàn toàn không phù hợp với trọng tâm của quỹ.",1.0
0.6724,0.4281,0.5569,0.4027,0.5,0,bootstrap_llm,research_institution,1.0,"Mặc dù có công nghệ AI chung, startup ở giai đoạn Series B trong ngành CleanTech hoàn toàn không phù hợp với trọng tâm đầu tư vào startup early-stage và vấn đề về giáo dục của quỹ.",1.0
0.5137,0.4374,0.4909,0.4632,0.5,1,bootstrap_llm,research_institution,4.0,"Mặc dù GreenEnergy đang ở giai đoạn Series B và quỹ ưu tiên giai đoạn đầu, ngành CleanTech, công nghệ AI lõi của startup phù hợp cao với trọng tâm DeepTech, AI và nhu cầu thương mại hóa nghiên cứu của VAST.",1.0
0.6595,0.3161,0.4611,0.5354,1.0,0,bootstrap_llm,investor,2.0,"Mặc dù có sự phù hợp về giai đoạn đầu tư (Seed) và việc sử dụng công nghệ AI, startup không phù hợp với trọng tâm ngành (EdTech), vấn đề giải quyết (giáo dục) và phân khúc khách hàng mục tiêu (B2C/B2B2C) cốt lõi của quỹ.",1.0
0.5565,0.494,0.6184,0.3952,0.5,0,bootstrap_llm,research_institution,2.0,"Startup ở giai đoạn Series B, trong khi quỹ ưu tiên giai đoạn early-stage và trọng tâm hỗ trợ R&D trước khi thương mại hóa.",1.0
0.6889,0.3587,0.4393,0.5274,1.0,0,bootstrap_llm,investor,1.0,"Ngành nghề, vấn đề trọng tâm và luận điểm đầu tư của startup hoàn toàn không phù hợp với trọng tâm AgriTech và CleanTech của quỹ, mặc dù giai đoạn đầu tư trùng khớp.",1.0
0.6353,0.3748,0.4275,0.6019,1.0,0,bootstrap_llm,investor,1.0,"Startup thuộc ngành SaaS chung và giải quyết vấn đề quy trình nội bộ, không phù hợp với ngành FoodTech/AgriTech và trọng tâm giải quyết lãng phí thực phẩm trong chuỗi cung ứng của quỹ.",1.0
0.6042,0.3949,0.5786,0.6019,1.0,0,bootstrap_llm,investor,3.0,"Mặc dù giai đoạn và phân khúc khách hàng phù hợp, nhưng trọng tâm công nghệ cụ thể (Computer Vision) và lĩnh vực ứng dụng của quỹ (sản xuất, logistics, kiểm định chất lượng) không trùng khớp với giải pháp tự động hóa quy trình nội bộ của startup.",1.0
0.7021,0.4171,0.4971,0.531,1.0,0,bootstrap_llm,investor,1.0,"Startup WorkflowX hoạt động trong lĩnh vực SaaS quy trình nội bộ B2B, hoàn toàn không phù hợp với trọng tâm ngành RetailTech/E-commerce, vấn đề chuyển đổi thương mại điện tử và khách hàng B2B2C của quỹ đầu tư.",1.0
0.5747,0.5353,0.5037,0.6019,1.0,0,bootstrap_llm,investor,1.0,"Quỹ đầu tư Cyber Shield VC tập trung vào an ninh mạng và giải pháp bảo mật hiện đại, trong khi WorkflowX phát triển nền tảng tự động hóa quy trình, hoàn toàn không phù hợp với trọng tâm vấn đề và luận điểm đầu tư của quỹ.",1.0
0.9879,0.6347,0.7024,0.6019,1.0,1,bootstrap_llm,investor,5.0,"WorkflowX hoàn toàn phù hợp với ngành, giai đoạn, công nghệ, vấn đề giải quyết và trọng tâm khách hàng của Quỹ Enterprise SaaS Ventures.",1.0
0.7043,0.3655,0.4638,0.5443,1.0,1,bootstrap_llm,investor,5.0,"WorkflowX phù hợp rất cao với ThinkZone Ventures về ngành (SaaS), giai đoạn (Seed), công nghệ (AI, phần mềm doanh nghiệp) và trọng tâm khách hàng (B2B), hoàn toàn khớp với luận điểm đầu tư sớm của quỹ.",1.0
0.606,0.516,0.3651,0.4214,0.5,0,bootstrap_llm,corporation,1.0,"Startup WorkflowX không thuộc ngành EdTech và không giải quyết vấn đề giáo dục, không phù hợp với trọng tâm ngành, vấn đề và luận điểm đầu tư của Tập đoàn FPT.",1.0
0.446,0.344,0.4616,0.5443,1.0,0,bootstrap_llm,investor,3.0,"Startup có công nghệ AI và mô hình B2B phù hợp với quỹ, nhưng giai đoạn Seed của startup không khớp với ưu tiên Series A của quỹ.",1.0
0.5982,0.4756,0.4604,0.6019,1.0,0,bootstrap_llm,investor,2.0,"Mặc dù phù hợp về giai đoạn và đối tượng khách hàng B2B, trọng tâm công nghệ và vấn đề giải quyết của startup không nằm trong lĩnh vực deep-tech ứng dụng trong sản xuất/công nghiệp mà quỹ ưu tiên.",1.0
0.5758,0.4698,0.4129,0.4439,0.5,0,bootstrap_llm,corporation,1.0,Giải pháp tự động hóa quy trình làm việc của startup và khách hàng mục tiêu là doanh nghiệp vừa và nhỏ không phù hợp với trọng tâm công nghệ mô phỏng/tương tác sử dụng AI cho đào tạo nội bộ và giáo dục của quỹ.,1.0
0.5438,0.4466,0.4259,0.5133,0.5,0,bootstrap_llm,corporation,2.0,"Mặc dù có điểm chung về ngành SaaS và khách hàng B2B, startup không cung cấp giải pháp IoT/Smart City mà quỹ ưu tiên trong luận điểm đầu tư.",1.0
0.5063,0.3459,0.4137,0.3511,0.5,0,bootstrap_llm,university,1.0,"Startup WorkflowX thuộc ngành SaaS doanh nghiệp, không thuộc trọng tâm EdTech, công nghệ sư phạm hay khách hàng giáo dục của quỹ.",1.0
0.62,0.5293,0.4402,0.5439,0.5,0,bootstrap_llm,corporation,2.0,"WorkflowX là nền tảng SaaS tự động hóa quy trình chung không phải FinTech, không phù hợp trực tiếp với trọng tâm đầu tư của BIDV vào các giải pháp FinTech bổ trợ cho dịch vụ ngân hàng số, mặc dù có trùng lặp về khách hàng B2B và công nghệ AI.",1.0
0.6182,0.3906,0.4657,0.3788,0.5,0,bootstrap_llm,university,1.0,"Startup's ngành, khách hàng mục tiêu và vấn đề giải quyết không phù hợp với trọng tâm ngành EdTech, AI ứng dụng trong giáo dục và luận điểm đầu tư của quỹ.",1.0
0.6926,0.5129,0.4614,0.5274,0.5,1,bootstrap_llm,corporation,4.0,"WorkflowX phù hợp với ngành (SaaS), công nghệ lõi (AI, Cloud), và định hướng B2B của quỹ, mặc dù trọng tâm khách hàng hiện tại là doanh nghiệp vừa và nhỏ, khác với quy mô doanh nghiệp lớn mà Viettel ưu tiên giải quyết.",1.0
0.5913,0.3513,0.4768,0.3512,0.5,0,bootstrap_llm,university,1.0,"Startup hoạt động trong lĩnh vực SaaS tự động hóa quy trình cho doanh nghiệp, không phù hợp với trọng tâm đầu tư của quỹ vào HealthTech/MedTech và ứng dụng AI trong chẩn đoán/quản lý bệnh án.",1.0
0.4873,0.4541,0.4127,0.4354,0.5,0,bootstrap_llm,university,1.0,"Ngành, công nghệ, vấn đề giải quyết và luận điểm đầu tư của startup hoàn toàn không trùng khớp với trọng tâm cụ thể vào FinTech/RetailTech và dữ liệu kinh tế - tài chính mà quỹ đang tìm kiếm.",1.0
0.5159,0.3201,0.4499,0.4277,0.5,0,bootstrap_llm,university,1.0,"Startup thuộc ngành SaaS tự động hóa quy trình làm việc, hoàn toàn không phù hợp với trọng tâm ngành AgriTech/FoodTech, công nghệ nông nghiệp và khách hàng mục tiêu là nông dân/hợp tác xã của quỹ đầu tư.",1.0
0.5679,0.4003,0.4179,0.3984,0.5,0,bootstrap_llm,research_institution,1.0,"Startup hoạt động trong ngành SaaS, giải quyết vấn đề quy trình doanh nghiệp và phục vụ khách hàng SMB, hoàn toàn không phù hợp với trọng tâm EdTech, công nghệ đánh giá học tập và khách hàng giáo dục của quỹ.",1.0
0.4957,0.3365,0.4429,0.42,0.5,0,bootstrap_llm,research_institution,2.0,"Mặc dù WorkflowX sử dụng AI, một ngành ưu tiên của quỹ, trọng tâm công nghệ lõi và luận điểm đầu tư về chuyển giao công nghệ của VAST không phù hợp với mô hình SaaS và khách hàng SMB của startup.",1.0
0.63,0.3492,0.5144,0.4183,0.5,0,bootstrap_llm,research_institution,3.0,"Startup có công nghệ AI và giai đoạn seed phù hợp với trọng tâm công nghệ và giai đoạn của quỹ, tuy nhiên ngành giải quyết và khách hàng mục tiêu không khớp với trọng tâm vấn đề (giáo dục) và khách hàng cuối của quỹ.",1.0
0.6377,0.4601,0.5194,0.4158,0.5,0,bootstrap_llm,research_institution,3.0,"Startup sử dụng công nghệ AI và ở giai đoạn seed, phù hợp với ngành ưu tiên và trọng tâm khách hàng early-stage của quỹ, nhưng trọng tâm công nghệ và luận điểm đầu tư chuyên sâu về thuật toán lõi, xử lý ảnh/thị giác máy tính của quỹ không hoàn toàn trùng khớp với giải pháp tự động hóa quy trình của startup.",1.0
1.0,1.0,1.0,1.0,1.0,1,construction_positive,investor,,Construction: profile tổng hợp khớp chính xác tiêu chí investor.,1.0
0.4331,0.4769,0.4942,0.8381,1.0,0,construction_industry_mismatch,investor,,"Construction: profile thuộc domain của investor 'V008' (không cùng target_industries với 'V001'), ghép cặp label=0.",3.0
1.0,1.0,1.0,1.0,1.0,1,construction_positive,investor,,Construction: profile tổng hợp khớp chính xác tiêu chí investor.,1.0
0.5168,0.4733,0.4193,1.0,0.6,0,construction_industry_mismatch,investor,,"Construction: profile thuộc domain của investor 'V018' (không cùng target_industries với 'V002'), ghép cặp label=0.",3.0
1.0,1.0,1.0,1.0,1.0,1,construction_positive,investor,,Construction: profile tổng hợp khớp chính xác tiêu chí investor.,1.0
0.6156,0.378,0.573,0.8618,1.0,0,construction_industry_mismatch,investor,,"Construction: profile thuộc domain của investor 'V005' (không cùng target_industries với 'V003'), ghép cặp label=0.",3.0
1.0,1.0,1.0,1.0,1.0,1,construction_positive,investor,,Construction: profile tổng hợp khớp chính xác tiêu chí investor.,1.0
0.6043,0.3892,0.4966,0.8381,0.3,0,construction_industry_mismatch,investor,,"Construction: profile thuộc domain của investor 'V001' (không cùng target_industries với 'V004'), ghép cặp label=0.",3.0
1.0,1.0,1.0,1.0,1.0,1,construction_positive,investor,,Construction: profile tổng hợp khớp chính xác tiêu chí investor.,1.0
0.6024,0.5977,0.6206,1.0,1.0,0,construction_industry_mismatch,investor,,"Construction: profile thuộc domain của investor 'V012' (không cùng target_industries với 'V005'), ghép cặp label=0.",3.0
1.0,1.0,1.0,1.0,1.0,1,construction_positive,investor,,Construction: profile tổng hợp khớp chính xác tiêu chí investor.,1.0
0.7339,0.4188,0.5422,0.8378,1.0,0,construction_industry_mismatch,investor,,"Construction: profile thuộc domain của investor 'V011' (không cùng target_industries với 'V006'), ghép cặp label=0.",3.0
1.0,1.0,1.0,1.0,1.0,1,construction_positive,investor,,Construction: profile tổng hợp khớp chính xác tiêu chí investor.,1.0
0.549,0.4801,0.4284,0.9369,0.6,0,construction_industry_mismatch,investor,,"Construction: profile thuộc domain của investor 'V017' (không cùng target_industries với 'V007'), ghép cặp label=0.",3.0
1.0,1.0,1.0,1.0,1.0,1,construction_positive,investor,,Construction: profile tổng hợp khớp chính xác tiêu chí investor.,1.0
0.4581,0.5569,0.5462,0.9273,1.0,0,construction_industry_mismatch,investor,,"Construction: profile thuộc domain của investor 'V006' (không cùng target_industries với 'V008'), ghép cặp label=0.",3.0
1.0,1.0,1.0,1.0,1.0,1,construction_positive,investor,,Construction: profile tổng hợp khớp chính xác tiêu chí investor.,1.0
0.6976,0.4066,0.5386,0.8789,0.3,0,construction_industry_mismatch,investor,,"Construction: profile thuộc domain của investor 'V010' (không cùng target_industries với 'V009'), ghép cặp label=0.",3.0
1.0,1.0,1.0,1.0,1.0,1,construction_positive,investor,,Construction: profile tổng hợp khớp chính xác tiêu chí investor.,1.0
0.5832,0.3919,0.5279,0.8618,1.0,0,construction_industry_mismatch,investor,,"Construction: profile thuộc domain của investor 'V011' (không cùng target_industries với 'V010'), ghép cặp label=0.",3.0
1.0,1.0,1.0,1.0,1.0,1,construction_positive,investor,,Construction: profile tổng hợp khớp chính xác tiêu chí investor.,1.0
0.6823,0.3688,0.5706,0.8618,0.15,0,construction_industry_mismatch,investor,,"Construction: profile thuộc domain của investor 'V012' (không cùng target_industries với 'V011'), ghép cặp label=0.",3.0
1.0,1.0,1.0,1.0,1.0,1,construction_positive,investor,,Construction: profile tổng hợp khớp chính xác tiêu chí investor.,1.0
0.628,0.397,0.5522,1.0,1.0,0,construction_industry_mismatch,investor,,"Construction: profile thuộc domain của investor 'V010' (không cùng target_industries với 'V012'), ghép cặp label=0.",3.0
1.0,1.0,1.0,1.0,1.0,1,construction_positive,investor,,Construction: profile tổng hợp khớp chính xác tiêu chí investor.,1.0
0.46,0.4567,0.5235,0.9369,0.6,0,construction_industry_mismatch,investor,,"Construction: profile thuộc domain của investor 'V012' (không cùng target_industries với 'V013'), ghép cặp label=0.",3.0
1.0,1.0,1.0,1.0,1.0,1,construction_positive,investor,,Construction: profile tổng hợp khớp chính xác tiêu chí investor.,1.0
0.5137,0.4389,0.4983,0.8576,1.0,0,construction_industry_mismatch,investor,,"Construction: profile thuộc domain của investor 'V007' (không cùng target_industries với 'V014'), ghép cặp label=0.",3.0
1.0,1.0,1.0,1.0,1.0,1,construction_positive,investor,,Construction: profile tổng hợp khớp chính xác tiêu chí investor.,1.0
0.371,0.4617,0.4373,0.875,0.5,0,construction_industry_mismatch,investor,,"Construction: profile thuộc domain của investor 'V006' (không cùng target_industries với 'V015'), ghép cặp label=0.",3.0
1.0,1.0,1.0,1.0,1.0,1,construction_positive,investor,,Construction: profile tổng hợp khớp chính xác tiêu chí investor.,1.0
0.4996,0.3723,0.4225,0.8576,1.0,0,construction_industry_mismatch,investor,,"Construction: profile thuộc domain của investor 'V002' (không cùng target_industries với 'V016'), ghép cặp label=0.",3.0
1.0,1.0,1.0,1.0,1.0,1,construction_positive,investor,,Construction: profile tổng hợp khớp chính xác tiêu chí investor.,1.0
0.549,0.4801,0.4284,0.9369,0.15,0,construction_industry_mismatch,investor,,"Construction: profile thuộc domain của investor 'V007' (không cùng target_industries với 'V017'), ghép cặp label=0.",3.0
1.0,1.0,1.0,1.0,1.0,1,construction_positive,investor,,Construction: profile tổng hợp khớp chính xác tiêu chí investor.,1.0
0.42,0.5173,0.6077,0.8576,1.0,0,construction_industry_mismatch,investor,,"Construction: profile thuộc domain của investor 'V016' (không cùng target_industries với 'V018'), ghép cặp label=0.",3.0
0.5301,0.4732,0.447,0.5185,0.0,0,construction_ticket_mismatch,investor,,"Construction: funding ép thành 1500000, gấp 3 lần ticket size tối đa của investor.",3.0
0.6187,0.4357,0.4936,0.5216,0.0,0,construction_ticket_mismatch,investor,,"Construction: funding ép thành 1500000, gấp 3 lần ticket size tối đa của investor.",3.0
0.7548,0.5865,0.4979,0.5248,0.0,0,construction_ticket_mismatch,investor,,"Construction: funding ép thành 6000000, gấp 3 lần ticket size tối đa của investor.",3.0
0.6143,0.4922,0.4691,0.4562,0.0,0,construction_ticket_mismatch,investor,,"Construction: funding ép thành 6000000, gấp 3 lần ticket size tối đa của investor.",3.0
0.7788,0.5018,0.548,0.4228,0.0,0,construction_ticket_mismatch,investor,,"Construction: funding ép thành 9000000, gấp 3 lần ticket size tối đa của investor.",3.0
0.6,0.4628,0.4697,0.5858,0.0,0,construction_ticket_mismatch,investor,,"Construction: funding ép thành 9000000, gấp 3 lần ticket size tối đa của investor.",3.0
0.5741,0.4525,0.4763,0.3671,0.0,0,construction_ticket_mismatch,investor,,"Construction: funding ép thành 30000000, gấp 3 lần ticket size tối đa của investor.",3.0
0.7458,0.4764,0.4858,0.3993,0.0,0,construction_ticket_mismatch,investor,,"Construction: funding ép thành 30000000, gấp 3 lần ticket size tối đa của investor.",3.0
0.6466,0.3625,0.6179,0.3671,0.0,0,construction_ticket_mismatch,investor,,"Construction: funding ép thành 2400000, gấp 3 lần ticket size tối đa của investor.",3.0
0.5673,0.3157,0.4951,0.3993,0.0,0,construction_ticket_mismatch,investor,,"Construction: funding ép thành 2400000, gấp 3 lần ticket size tối đa của investor.",3.0
0.6606,0.4451,0.4853,0.4214,0.0,0,construction_ticket_mismatch,investor,,"Construction: funding ép thành 7500000, gấp 3 lần ticket size tối đa của investor.",3.0
0.5768,0.4211,0.4534,0.3865,0.0,0,construction_ticket_mismatch,investor,,"Construction: funding ép thành 7500000, gấp 3 lần ticket size tối đa của investor.",3.0
0.5183,0.6088,0.6164,0.5248,0.0,0,construction_ticket_mismatch,investor,,"Construction: funding ép thành 15000000, gấp 3 lần ticket size tối đa của investor.",3.0
0.6057,0.5042,0.5034,0.4615,0.0,0,construction_ticket_mismatch,investor,,"Construction: funding ép thành 15000000, gấp 3 lần ticket size tối đa của investor.",3.0
0.5202,0.4296,0.4735,0.4615,0.0,0,construction_ticket_mismatch,investor,,"Construction: funding ép thành 9000000, gấp 3 lần ticket size tối đa của investor.",3.0
0.5145,0.4438,0.4411,0.3937,0.0,0,construction_ticket_mismatch,investor,,"Construction: funding ép thành 9000000, gấp 3 lần ticket size tối đa của investor.",3.0
0.9653,0.7837,0.6522,0.3754,0.0,0,construction_ticket_mismatch,investor,,"Construction: funding ép thành 24000000, gấp 3 lần ticket size tối đa của investor.",3.0
0.537,0.5261,0.5494,0.4564,0.0,0,construction_ticket_mismatch,investor,,"Construction: funding ép thành 24000000, gấp 3 lần ticket size tối đa của investor.",3.0
0.5855,0.4352,0.5316,0.6114,0.0,0,construction_ticket_mismatch,investor,,"Construction: funding ép thành 3000000, gấp 3 lần ticket size tối đa của investor.",3.0
0.572,0.4541,0.5493,0.4615,0.0,0,construction_ticket_mismatch,investor,,"Construction: funding ép thành 3000000, gấp 3 lần ticket size tối đa của investor.",3.0
0.6,0.3436,0.4588,0.5208,0.0,0,construction_ticket_mismatch,investor,,"Construction: funding ép thành 30000000, gấp 3 lần ticket size tối đa của investor.",3.0
0.9843,0.5948,0.552,0.4678,0.0,0,construction_ticket_mismatch,investor,,"Construction: funding ép thành 30000000, gấp 3 lần ticket size tối đa của investor.",3.0
0.5857,0.4445,0.4864,0.3671,0.0,0,construction_ticket_mismatch,investor,,"Construction: funding ép thành 12000000, gấp 3 lần ticket size tối đa của investor.",3.0
0.592,0.5233,0.4564,0.5877,0.0,0,construction_ticket_mismatch,investor,,"Construction: funding ép thành 12000000, gấp 3 lần ticket size tối đa của investor.",3.0
0.4701,0.5877,0.3627,0.5592,0.0,0,construction_ticket_mismatch,investor,,"Construction: funding ép thành 9000000, gấp 3 lần ticket size tối đa của investor.",3.0
0.4509,0.4459,0.4455,0.3846,0.0,0,construction_ticket_mismatch,investor,,"Construction: funding ép thành 9000000, gấp 3 lần ticket size tối đa của investor.",3.0
0.6401,0.3999,0.4111,0.5348,0.0,0,construction_ticket_mismatch,investor,,"Construction: funding ép thành 1500000, gấp 3 lần ticket size tối đa của investor.",3.0
0.5634,0.4373,0.4869,0.426,0.0,0,construction_ticket_mismatch,investor,,"Construction: funding ép thành 1500000, gấp 3 lần ticket size tối đa của investor.",3.0
0.3621,0.4193,0.4392,0.426,0.0,0,construction_ticket_mismatch,investor,,"Construction: funding ép thành 600000, gấp 3 lần ticket size tối đa của investor.",3.0
0.4215,0.4012,0.4361,0.5443,0.0,0,construction_ticket_mismatch,investor,,"Construction: funding ép thành 600000, gấp 3 lần ticket size tối đa của investor.",3.0
0.4771,0.3926,0.5037,0.5348,0.0,0,construction_ticket_mismatch,investor,,"Construction: funding ép thành 6000000, gấp 3 lần ticket size tối đa của investor.",3.0
0.4599,0.4616,0.4574,0.5275,0.0,0,construction_ticket_mismatch,investor,,"Construction: funding ép thành 6000000, gấp 3 lần ticket size tối đa của investor.",3.0
0.5212,0.553,0.3647,0.5592,0.0,0,construction_ticket_mismatch,investor,,"Construction: funding ép thành 30000000, gấp 3 lần ticket size tối đa của investor.",3.0
0.5941,0.5125,0.3846,0.3899,0.0,0,construction_ticket_mismatch,investor,,"Construction: funding ép thành 30000000, gấp 3 lần ticket size tối đa của investor.",3.0
0.5764,0.4821,0.4568,0.3937,0.0,0,construction_ticket_mismatch,investor,,"Construction: funding ép thành 4500000, gấp 3 lần ticket size tối đa của investor.",3.0
0.6017,0.493,0.5091,0.5011,0.0,0,construction_ticket_mismatch,investor,,"Construction: funding ép thành 4500000, gấp 3 lần ticket size tối đa của investor.",3.0
